id;numero;texto;plano_de_aula;imagem;imagem_content_type
1;51958;../fake-data/blob/hipster.txt;Function-based Engineer object-oriented;../fake-data/blob/hipster.png;image/png
2;99851;../fake-data/blob/hipster.txt;Carro e-enable;../fake-data/blob/hipster.png;image/png
3;84348;../fake-data/blob/hipster.txt;front-end Berkshire;../fake-data/blob/hipster.png;image/png
4;33276;../fake-data/blob/hipster.txt;motivating;../fake-data/blob/hipster.png;image/png
5;11130;../fake-data/blob/hipster.txt;Lindo;../fake-data/blob/hipster.png;image/png
6;65403;../fake-data/blob/hipster.txt;Lari National Account;../fake-data/blob/hipster.png;image/png
7;64941;../fake-data/blob/hipster.txt;Money;../fake-data/blob/hipster.png;image/png
8;54234;../fake-data/blob/hipster.txt;Home Amapá escarlate;../fake-data/blob/hipster.png;image/png
9;82781;../fake-data/blob/hipster.txt;Piauí;../fake-data/blob/hipster.png;image/png
10;56011;../fake-data/blob/hipster.txt;out-of-the-box Global Credit;../fake-data/blob/hipster.png;image/png
