id;numero;texto;resumo
1;73400;../fake-data/blob/hipster.txt;../fake-data/blob/hipster.txt
2;82975;../fake-data/blob/hipster.txt;../fake-data/blob/hipster.txt
3;75502;../fake-data/blob/hipster.txt;../fake-data/blob/hipster.txt
4;85345;../fake-data/blob/hipster.txt;../fake-data/blob/hipster.txt
5;2471;../fake-data/blob/hipster.txt;../fake-data/blob/hipster.txt
6;64941;../fake-data/blob/hipster.txt;../fake-data/blob/hipster.txt
7;18063;../fake-data/blob/hipster.txt;../fake-data/blob/hipster.txt
8;53284;../fake-data/blob/hipster.txt;../fake-data/blob/hipster.txt
9;78113;../fake-data/blob/hipster.txt;../fake-data/blob/hipster.txt
10;85721;../fake-data/blob/hipster.txt;../fake-data/blob/hipster.txt
