id;login;email;foto;foto_content_type
1;Buckinghamshire transmitting;EnzoGabriel80@gmail.com;../fake-data/blob/hipster.png;image/png
2;synthesize;Alessandra_Pereira@gmail.com;../fake-data/blob/hipster.png;image/png
3;Macio Internal Leone;Rafael58@hotmail.com;../fake-data/blob/hipster.png;image/png
4;neural Buckinghamshire Amap√°;Noah.Moraes@gmail.com;../fake-data/blob/hipster.png;image/png
5;SCSI Inteligente;MariaClara77@hotmail.com;../fake-data/blob/hipster.png;image/png
6;cross-platform Automotivo Marginal;Roberto67@bol.com.br;../fake-data/blob/hipster.png;image/png
7;robust logistical;Gbio.Moraes@live.com;../fake-data/blob/hipster.png;image/png
8;microchip;Nataniel28@bol.com.br;../fake-data/blob/hipster.png;image/png
9;Front-line synthesize;Slvia94@live.com;../fake-data/blob/hipster.png;image/png
10;Directives;Fabrcia_Carvalho@bol.com.br;../fake-data/blob/hipster.png;image/png
